Center Number ,Center Name,Center Location ,Reagion ,Gread 6,Gread 9
AMR1\E/00043,الحاج أبوبكر  أ . م سيسى,باكوتي,1.1,2,21
AMR1\E/00038,عمّاربـــن ياسـر الإسلامية,باكوتي,1.1,6,
AMR1\E/00022,محمد الأمين جاسي,باكوتي,1.1,20,
AMR1\E/00023,التعاون الإسلامية ,بانجول,1.1,28,17
AMR1\E/00017,المدرسة الإسلامية العليا,بانجول,1.1,15,67
AMR1\E/00029,دار لأثار الإسلامية,با كوتي ,1.1,21,
AMR1\E/00009,معهدأبوبكرالصديق,باكاونيوتاون,1.1,63,24
AMR1\E/00047,طارق بن  زياد,بكاو,1.1,6,3
AMR1\E/00042,داود عبدالله انجاي ,بكاوماما كوتو,1.1,3,
AMR1\E/00046,الهدى الإسلامية ,بيبلان,1.1,5,
AMR1\E/00032,حجر الأسواد,جوسوا قديم,1.1,8,
AMR1\E/00033,بكو سنغاتي ,جوسوان جديد,1.1,24,
AMR1\E/00019,علي بن أبي طالب ,ديبا كندا,1.1,14,
AMR1\E/00011,محمد يدالي الإنجليزي/العربي,كانفع,1.1,49,23
,محمد بشير سيكان الإسلامية,جوسوان,1.1,19,
AMR1\E/00016,خالد بن الوليد,كانفيغ,1.1,47,45
AMR1\E/00026,عمربن عبد العزيز,منجاي,1.1,7,
AMR1\E/00010,معهد النور الإسلامي ,كانفنع,1.1,98,82
AMR1\E/00013,معهد عمر عبد العزيز,كانفنع,1.1,48,15
AMR1\E/00004,الإمام مالك الإسلامية,كانفنغ,1.1,98,83
AMR1\E/00021,العروة الوثقى الإسلامية,كوتو كواري,1.1,13,16
AMR1\E/00014,مدرسة يونس صند يقي الإسلا مية  ,كولولي,1.1,28,10
AMR1\E/00008,عمر بن الخطاب ,لاتر كندا,1.1,47,59
AMR1\E/00007,المعهد العربي والإنجلزي ,أبوكو,1.2,51,72
AMR1\E/00012,معهد الإسلامي العلمي ,بأبوكو,1.2,53,11
AMR1\E/00005,معهد بندن ماساني,بندن,1.2,88,81
AMR1\E/00031,مؤسسة البر الإسلامية,بندن,1.2,26,
AMR1\E/00006,معهد الحاج لالوكانتي,تبوكوتو,1.2,76,112
AMR1\E/00001,المعهد الإسلامي ,تلند كنجا,1.2,135,253
AMR1\E/00037,معهد ابن عباس الإسلامي,جوسوا جديد,1.2,6,17
AMR1\E/00027,نور الإسلام,جوسوان,1.2,3,
AMR1\E/00028,مدرسة ليبيا الإسلامية,سيرا كندا,1.2,10,6
AMR1\E/00035,أهل الخير ,فاجكندا,1.2,6,
AMR1\E/00040,عبد الرحمن ,فاجكندا,1.2,12,
AMR1\E/00039,عنسندن كيتا,فاجكندا,1.2,13,13
AMR1\E/00015,مركز موسى بن نصير ,فاجكندا,1.2,40,18
AMR1\E/00025,مدرسة عماد الدين الإسلامية,لاتركندا,1.2,19,
AMR1\E/00036,مدرسة عقبة بن نافع الفهري,لوند كونا,1.2,15,8
AMR1\E/00002,مركز التضامن الإسلامي,سير كندا,1.2,165,189
AMR1\E/00018,عبد الله بن سعود العسكر ,فاجكندا ,1.2,52,27
AMR1\E/00003,مدرسة نور الدين الإسلامية,لاتر كندا,1.2,105,61
AMR2\E/00093,خديجة سنتا (1),سوكتا سنجبا,2.1,21,
AMR2\E/00096,سلمان الفارسي,سوكتا,2.1,,
AMR2\E/00095,طالب تامبيدو,سوكتا ,2.1,12,8
AMR2\E/00043,عمر الإسلامية ,سوكتا,2.1,29,16
AMR2\E/00007,مدرسة البر الإسلامية,سنجو سوري,2.1,68,81
AMR2\E/00098,مدرسة أمتفت الإسلامية,"سنجوا باليا 
",2.1,14,
AMR2\E/00044,مدرسة كوري الإسلامي,سنجبا سلى جوب,2.1,36,16
AMR2\E/00103,مركز الضياء القرآني,كونكو جان كيتيا,2.1,27,10
AMR2\E/00004,معهد الشيخ مصطفى محمد لو الإسلامي,سنجو الحاج,2.1,40,86
AMR2\E/00094,معهد دار السلام الإسلامي,سوكتا,2.1,10,
AMR2\E/00045,معهد عرفالن سيسى,سوكتا نعمة,2.1,32,20
AMR2\E/00097,نور الصباح الإسلامية,سنجو الحاج,2.1,20,13
AMR2\E/00047,البخاري,كنكوجاكينيا,2.2,31,6
AMR2\E/00012,السلام للتعليم الأساسي,بنجولندنغ,2.2,49,22
AMR2\E/00100,المباركة ,لامن,2.2,12,8
AMR2\E/00015,إحياء علوم الدين,بوسمبالا,2.2,85,69
AMR2\E/00052,أبوهريرة,كباركو,2.2,22,20
AMR2\E/00110,أبى هريرة الإ سلامية,مندينار,2.2,11,6
AMR2\E/00111,بشير بن سعد,فاراتو,2.2,5,
AMR2\E/00014,جمال الدين الإسلامية,فارتو,2.2,86,44
AMR2\E/00118,خديجة  الإسلامية,مندينار,2.2,43,
AMR2\E/00107,دار الأرقم ابن أبي الأرقم,بوسمبالا,2.2,20,
AMR2\E/00049,عبدالله بن أبى قحافة,بوسمبالا,2.2,36,
AMR2\E/00048,عثمان بن عفان ,ولنغار,2.2,41,
AMR2\E/00009,فاطمة الزهراء,لامين,2.2,68,43
AMR2\E/00102,مدرسة ابي بن كعب,كنكوجا,2.2,16,
AMR2\E/00050,مدرسة حطاب بوجا الاسلامية,بوسمبالا,2.2,19,
AMR2\E/00121,مركز الإحسان  ,بابيلون,2.2,5,
AMR2\E/00010,مركز الخلفاء الراشدين,نعم كنكو,2.1,50,37
AMR2\E/00008,مصعب بن عمير,لامين,2.2,39,44
AMR2\E/00011,معهد الحاج ابراهيم نياس,نعم النذير,2.2,30,
AMR2\E/00016,معهد داود الإسلامي,قيروان,2.2,63,66
AMR2\E/00013,معهد طيبة الطيبة العلمي,فاراتو,2.2,60,
AMR2\E/00114,معهد غامبيا الإسلامي,بابيلون,2.2,20,
AMR2\E/00051,نور الهدى,ماكومبيا,2.2,,8
AMR2\E/00108,هائل  السعيد,مندينار,2.2,14,
AMR2\E/00054,الأكاديمية الدعوة,جامبا جيلي,2.3,52,
AMR2\E/00019,التوفيق,مريم كندا,2.3,34,
AMR2\E/00023,المعهد العلمي المعاصر,أولد يندوم,2.3,37,11
AMR2\E/00021,النور الشاملة,برفوت,2.3,52,69
AMR2\E/00116,أبوبكر الصديق,رومبا,2.3,17,7
AMR2\E/00018,أهل الصفة الإسلامية ,برفوت,2.3,75,27
AMR2\E/00057,بابا جايتي الإسلامية,ترنكل,2.3,16,
AMR2\E/00058,شيخ محفوظ ,برفوت,2.3,36,
AMR2\E/00017,مدرسة شيخ الحاج موسى ماني ,مدين,2.3,39,48
AMR2\E/00053,مدرسة موسى ماني لمحوي الأمية,مدين,2.3,24,9
AMR2\E/00117,نور الهدى الإسلامية ,بانياك,2.3,18,
AMR2\E/00115,يونس سانو ,برفوت,2.3,30,
AMR2\E/00061,الرضوان الخرافي,بيرندنغ,2.4,20,10
AMR2\E/00062,الفلاح,نوفيل,2.4,31,16
AMR2\E/00022,القران لتقدم,سيفو,2.4,13,12
AMR2\E/00067,أحمد بامبا,توجرينغ نيماكوتا,2.4,21,
AMR2\E/00005,خالد بن الوليد,غونجور,2.4,81,92
AMR2\E/00068,سواري الاسلامية,توجيرين,2.4,38,
AMR2\E/00131,شيخ إبراهيم كانتي,سيفو,2.4,12,
AMR2\E/00059,شيخ موسى توري,مدينة السلام ,2.4,21,9
AMR2\E/00128,عباد الرحمن ,سانيا ,2.4,16,16
AMR2\E/00060,عبد الله نيانغ,كاتون,2.4,20,23
AMR2\E/00025,عثمان بن عفان,تانجي,2.4,77,45
AMR2\E/00129,عثمان بن عفان,سانيا,2.4,13,
AMR2\E/00063,عمربن الخطاب ,سانيا بنكل,2.4,36,34
AMR2\E/00065,عمرو بن العاصى,تانجي,2.4,23,9
AMR2\E/00020,مد رسة الإيمان الإسلامية ,غونجور,2.4,102,58
AMR2\E/00130,مدرسة الحسين الإسلامية,تانجي,2.4,16,
AMR2\E/00125,مدرسة النور ,نوفيل باه,2.4,12,
AMR2\E/00027,مدرسة النور الإسلامية,توجيرين,2.4,48,
AMR2\E/00064,مدرسة أبوبكر الصديق,سانيا,2.4,6,
AMR2\E/00127,مدرسة أنس بن مالك,غونجور سنتنبا,2.4,14,
AMR2\E/00026,مدرسة با إبراهيم سيدي   ,سانيا نمساك,2.4,49,26
AMR2\E/00066,مدرسة نورة العبودي,تانجي,2.4,18,9
AMR2\E/00024,مركز الصحابة ,غونجور,2.4,,19
AMR2\E/00002,التوفيق,بركام,2.5,179,181
AMR2\E/00071,الحاج محمود الإسلامية,طوبى مندوار,2.5,16,11
AMR2\E/00031,الفلاح الإسلامية,مندوار,2.5,59,
AMR2\E/00144,المدينة الإسلامية الأكاديمية ,سيرى كند ند,2.5,12,
AMR2\E/00001,المعهد الإسلامي,بريكاما,2.5,182,241
AMR2\E/00034,الهدى,كتي,2.5,42,33
AMR2\E/00078,الوفاء ,بريكاما,2.5,34,23
AMR2\E/00029,أبوبكر الصديق,باكر سامبويا,2.5,31,
AMR2\E/00074,أمنا خديجة للعلوم الإسلامية والمعاصرة,بركام,2.5,28,30
AMR2\E/00069,بشرى الإسلامية,بشرى,2.5,20,
AMR2\E/00076,عثمان بن عفان الاسلامي,بركاما جدا,2.5,15,
AMR2\E/00135,عمر بن الخطاب الإسلامية,بركاما مدينة,2.5,21,
AMR2\E/00138,محمود خليل الحصري,كتي,2.5,14,21
AMR2\E/00136,مدرسة بنم الإسلامية,بنيم,2.5,15,
AMR2\E/00141,مدرسة ربيع الاسلامي,بركاما جدا,2.5,27,14
AMR2\E/00079,مدرسة زين العابدين,كيمبوجي,2.5,42,32
AMR2\E/00077,مدرسة فودي كيمو الإسلامية ,جلامبا ,2.5,42,10
AMR2\E/00137,مدرسة كرمبايا الإسلامية,بريكاما نيامباي,2.5,8,
AMR2\E/00142,مدرسة نور القرآن ,بركام جدة فريس,2.5,9,
AMR2\E/00070,معهد الحاج علي سيك,طوبى ماندوار,2.5,14,
AMR2\E/00038,معهد العلوم الاسلامية والعربية,كيمبوجي,2.5,58,110
AMR2\E/00080,معهد سنجال بوجانغ,كيمبوجي,2.5,12,8
AMR2\E/00032,معهد عمر بن جنك الاسلامية,بركام,2.5,44,40
AMR2\E/00035,معهد كندافي كولي,بركاما,2.5,35,40
AMR2\E/00073,معهد مندوار,مندوار,2.5,29,7
AMR2\E/00033,نيابو كفو الإسلامية,بركام كبا فيتا,2.5,92,26
AMR2\E/00081,المعهد الاسلامي,فربا خيربا,2.6,38,31
AMR2\E/00084,مدرسة التربية الاسلامية,كلورو,2.6,37,13
AMR2\E/00149,مدرسة الحاج منير دابو,باصوري,2.6,29,5
AMR2\E/00082,مدرسة الكوثرالاسلامية,توباكوت,2.6,42,36
AMR2\E/00148,مدرسة أبوبكر الصديق,بونتو,2.6,8,
AMR2\E/00040,مدرسة شيخ شريف توري,كفوت,2.6,32,27
AMR2\E/00083,مدرسة عليّ بن محمد,كلورو,2.6,33,35
AMR2\E/00039,مدرسة ياسر الاسلامية,عومرتو,2.6,6,
AMR2\E/00145,مركز جابي كندا,بيرا,2.6,14,13
AMR2\E/00036,معهد تحفيظ القرآن الكريم,فربا بنتا,2.6,67,40
AMR2\E/00155, بلال بن رباح ,كنجبين,2.7,35,13
AMR2\E/00089,ابراهيم  بياي  ,تمبوت,2.7,16,17
AMR2\E/00165,ابراهيم جيجو,سوول ,2.7,14,
AMR2\E/00088,ابن تيمية  الاسلامية,بنتغ,2.7,26,
AMR2\E/00092,انس بن مالك  ,بتبوت كنتور ,2.7,43,
AMR2\E/00085,بلوك الاسلامية ,بلوك,2.7,25,21
AMR2\E/00041,ربيع الاول  ,بيام,2.7,82,36
AMR2\E/00152,مدرسة الحاج كنجو ر جابي الإسلامية, بسي,2.7,12,
AMR2\E/00157,مدرسة الشيخ جبريل مهدى كجابى,كاوالى فوني,2.7,20,
AMR2\E/00006,مدرسة أبوبكر الصديق,سيبانور,2.7,103,69
AMR2\E/00090,مدرسة أنصار الاسلامية ,أندمبان جولا ,2.7,33,
AMR2\E/00154,مدرسة بوبكر الصديق ,كتكور,2.7,16,
AMR2\E/00156,مدرسة خلفا الإسلامية,دوبون فوني,2.7,14,
AMR2\E/00091,مدرسة سغاجور الإسلامية ,سغاجور,2.7,19,41
AMR2\E/00153,مدرسة علي ابن ابي طالب ,بتندنغ كاجر,2.7,19,
AMR2\E/00087,مدرسة عمر مختار ,سومت,2.7,43,32
AMR2\E/00159,مدرسة محو الامية ,جفنغ,2.7,21,
AMR2\E/00042,معهد الحاج إبراهيم نياس ,طيبة ,2.7,38,16
AMR2\E/00158,نياريك  سنكو,سنتيت,2.7,24,
AMR2\E/00105,سيدنا علي بن أبي طالب,فاراتو,2.2,15,
AMR2\E/00119,أكاديمية ابن عثمين ثنائية اللغة,بوسمبالا,2.2,2,
AMR2\E/00120,مدرسة البر الإسلامية,بوهول بوسمبالا,2.2,14,
AMR2\E/00113,معهد آل جعفر ,بافولوت,2.2,9,
AMR2\E/00106,الحاج محمود كمارا,فاراتو,2.2,21,
AMR2\E/00046,مدرسة دار الأرقم المزدوجة,يوندوم الجديد,2.2,20,
AMR2\E/00101,مدرسة مريم أحمد إسماعيل,يوندم الجديد,2.2,15,
AMR2\E/00171,معهد منار الهدى ,سيفو,2.4,4,
AMR2\E/00175,أكاديمية الملك لله للعلوم والتكنلولوجي,غنجور ,2.4,17,
AMR2\E/00177,الحاج ابراهيم جيجو,كنلنغ فونى,2.7,11,
AMR2\E/00181,مدرسة التقوى  الإسلامية ,نعم كنكو,2.1,38,
AMR2\E/00186,مدرسة فالن  الإسلامية ,سانيا فالا,2.3,7,
AMR2\E/00003,معهد علي بن أبى طالب الإسلامية,سوكتا نعم ,2.1,147,
AMR2\E/00187,مدرسة أبوبكر الصديق,بركام سانجبا,2.5,35,
AMR2\E/00075,معهد الشيخ جوب الإسلامي,مصر بوهول,2.5,21,
AMR2\E/00188,مدرسة ناديا الإسلامية,غونجور,2.4,11,
AMR2\E/00189,معهد الفقهه السبعة,فارتو,2.2,14,
AMR2\E/00190,بندالى الإسلامية,بندالى,2.7,21,
AMR3\E/00001,الحاج تبور ماني,بارا,3.1,38,14
AMR3\E/00003,القدوس,مدينة مانين,3.1,17,13
AMR3\E/00004,أبو موسى الأشعري,كانوما,3.1,27,
AMR3\E/00005,أبوبكر الصديق,بكندك,3.1,17,6
AMR3\E/00006,أبوبكر الصديق,فاس,3.1,28,23
AMR3\E/00007,أبو خالد,مادمباكندا,3.1,15,
AMR3\E/00008,أهل الله للتربية والتعليم,كر غلو,3.1,8,9
AMR3\E/00009,بلال بن رباح,كر بران كن,3.1,22,5
AMR3\E/00010,حبيب الهدى,صامباكلا,3.1,31,19
AMR3\E/00011,خديجة بنت خويلد,امبليت با,3.1,22,
AMR3\E/00012,مركز عماربن ياسر,نعم كنكو,3.1,43,41
AMR3\E/00013,معهد فودي عيسى كن,بيرندن ,3.1,35,15
AMR3\E/00014,امبنتانغ كلنغ,امبنتانغ كلنغ,3.1,,
AMR3\E/00015,مركز الشيخ عمر الفوتى,اندنغوكيب,3.1,34,19
AMR3\E/00016,ناصر للدراسات الإسلامية والإنجليزية,اندنغوكيب,3.1,6,8
AMR3\E/00017,نصرالعلم,اندنغوكيب,3.1,43,22
AMR3\E/00018,معهد الشيخ محمد النذير,إسو,3.1,63,28
AMR3\E/00019,المعهدالإسلامي,مصراند,3.1,12,3
AMR3\E/00020,نورالهدى,حمدلاي,3.1,11,12
AMR3\E/00022,الإمام الغزالي,منغين,3.2,16,11
AMR3\E/00023,نورالحق,منغين,3.2,16,8
AMR3\E/00024,المركزالإبراهيمي,كنتي كندا جانيا,3.2,11,5
AMR3\E/00025,أبوبكر الصديق,قيروان,3.2,13,12
AMR3\E/00026,المنارة,قيروان,3.2,39,22
AMR3\E/00027,نصيرالأنصارالجوهري,قيروان,3.2,16,10
AMR3\E/00029,خالد بن الوليد,سواري كندا,3.2,23,14
AMR3\E/00030,خالد بن الوليد,بكان,3.2,,13
AMR3\E/00031,عبدالرحمن بن عوف,توربا,3.2,17,
AMR3\E/00032,عبدالله بن عباس,كر جين,3.2,18,
AMR3\E/00033,عثمان بن عفان,جوكادو دا سلام,3.2,15,14
AMR3\E/00034,علي بن أبي طالب,كنجور,3.2,31,13
AMR3\E/00035,فودي موسى توري,بدبو بني,3.2,24,
AMR3\E/00038,نجوم الهدى  ,كر أردو,3.2,11,
AMR3\E/00039,الإبراهيمية,دار السلام,3.2,9,
AMR3\E/00040,علي بن أبي طالب,نولير,3.2,16,
AMR3\E/00041,زينب الإسلامية,كر باتي,3.2,18,
AMR3\E/00042,مفتاح الوصول,كر الحاج مالك,3.2,7,
AMR3\E/00043,بيبي أحمد الفهدي,كر أحمد فايل,3.2,10,
AMR3\E/00044,الحاج عمرفال,بالين,3.3,17,9
AMR3\E/00045,إبراهيم خليل الله,انجين سنجال,3.3,44,35
AMR3\E/00046,تفسير غي,ديبا كندا,3.3,33,20
AMR3\E/00050,أبوهريرة,فرفني,3.3,28,21
AMR3\E/00051,أبوبكرالصديق,فرفني,3.3,13,7
AMR3\E/00052,الوفاء الشاملة,فرفني,3.3,54,18
AMR3\E/00054,التعليمية والتكوين المهني,كاتشان,3.3,17,14
AMR3\E/00055,أسامة بن زيد,كاتشان,3.3,18,
AMR3\E/00056,خالد بن الوليد,كونتي كندا سوكتو,3.3,12,
AMR3\E/00057,علي سينا منتي,منتي كندا,3.3,20,
AMR3\E/00058,أبوبكرالصديق,انجاب كندا,3.3,39,14
AMR3\E/00059,الشيخ حطاب,كنتي كندا مارون كندا,3.3,36,23
AMR3\E/00060,الإمام الشافعي,مندور,3.3,14,19
AMR3\E/00061,بابا سيسي,سلكني,3.3,22,
AMR3\E/00062,عبدالله بن عباس,بدبو سلكني,3.3,12,
AMR3\E/00063,نور الدين,فرفني,3.3,5,
AMR3\E/00065,فودي كيمو جيتي,بشرى,3.3,9,
AMR3\E/00066,نصرالدين,كومبجا,3.3,7,
AMR3\E/00069,الحاج عثمان كاه,كرمبا سنجال,3.3,11,
AMR3\E/00047,عمر بن الخطاب ,كاتبا ولوف,3.3,9,
AMR3\E/00048,علي بن أبي طالب ,سار كندا,3.3,5,
AMR3\E/00053,الهدى ,ألكال كندا,3.3,22,
AMR4\E/00020,التوعية,بكلندن,4.2,13,
AMR4\E/00012,الحاج كيبا ساني,جبيني,4.2,36,7
AMR4\E/00008,الحاج ماما شيخ دابو,برنغ,4.2,20,
AMR4\E/00019,الدعوة,جنوي,4.2,7,
AMR4\E/00023,إمام مالك,بروكندا,4.2,13,
AMR4\E/00013,أنصار السنة ,جلامبري,4.2,18,14
AMR4\E/00006,بدر الدين,سوما,4.2,29,15
AMR4\E/00029,حانه الإسلامية,سيكندا,4.2,7,
AMR4\E/00021,شيخ محمد مؤمن      ,دار السلام,4.2,13,
AMR4\E/00022,عمر بن الخطاب,جار ا مدينة,4.2,5,
AMR4\E/00034,فودبا جابي,كليور,4.2,9,
AMR4\E/00002,كا ندمبو جابي,جارسوما,4.2,39,38
AMR4\E/00025,مركز بلال بن رباح,كيا كياف,4.2,16,14
AMR4\E/00011,نثر الثقافة ,ستكن,4.2,18,26
AMR4\E/00003,كرمو خليفة جابي,بكلبا,4.2,26,
AMR4\E/00027,التربية الإسلامية,بجانا,4.1,11,
AMR4\E/00017,الحاج موسى انجاي,جاتبا,4.1,12,10
AMR4\E/00010,الفاروق,جالي,4.1,19,19
AMR4\E/00005,المعهد الإسلامي,كل كندا,4.1,9,8
AMR4\E/00001,المعهدالإسلامي,كنبا,4.1,39,22
AMR4\E/00036,إمام مالك,كل كندا,4.1,16,
AMR4\E/00028,أم سعد ,جاني كندا,4.1,25,
AMR4\E/00015,دود سونكو,سانكاندي,4.1,21,
AMR4\E/00009,عثمان بن عفان ,جفارون,4.1,24,23
AMR4\E/00030,عثمان بن عفان ,كيا كرنتبا,4.1,17,
AMR4\E/00016,علي  بن أبي طالب ,كوينلا,4.1,14,
AMR4\E/00014,عمر بن عبدالعزيز,كانتون كندا,4.1,29,5
AMR4\E/00035,محوالأمية ,كوينلا,4.1,10,
AMR5\E/00025,الأمة الإسلامية,سولول,5.3,22,
AMR5\E/00045,أبو بكر الصديق,شامي سرواكندا,5.3,13,
AMR5\E/00024,أصحاب الكهف,غالي منداخ,5.3,44,4
AMR5\E/00044,جمل بابو,جمل بابو,5.3,14,
AMR5\E/00029,عبد الله فاتي,بنتنتو,5.3,31,
AMR5\E/00028,مجمع الدهامي,بانسانغ,5.3,23,39
AMR5\E/00042,معهد القرآن الكريم,كونتين,5.3,43,18
AMR5\E/00046,نور الدين,لامن كتو,5.3,8,
AMR5\E/00047,يونا موسى,يونا,5.3,4,
AMR5\E/00030,المعهد الإسلامى,برجل  سوبا,5.2,11,
AMR5\E/00040,تعاون على البر والتقوى,بكداجي ,5.2,24,
AMR5\E/00038,جامن الإسلام,جامن,5.2,10,
AMR5\E/00033,زينة  الإسلامية ,كونتاور,5.2,37,25
AMR5\E/00032,عثمان بن عفان,جاكابا,5.2,27,
AMR5\E/00036,مام علي بوي ,بلنغار,5.2,19,
AMR5\E/00035,مدبا سيدي الإسلامية,كاور,5.2,25,
AMR5\E/00039,مركز كرمان الإسلامية,قروان ستوكتو,5.2,17,
AMR5\E/00031,نصرالدين الإسلامية,نيان سوكتا,5.2,51,25
AMR5\E/00015,الحاج جاجسي,كودان,5.1,7,
AMR5\E/00002,الحاج شريف يونس سيلا,مدينة أنفالي,5.1,57,34
AMR5\E/00020,الحاج عمر سيك,دار السلام,5.1,23,
AMR5\E/0009,إبراهيم تروالي,تباندن,5.1,10,16
AMR5\E/00019,إمام مالك الإسلامية,باب جوب,5.1,10,
AMR5\E/00009,أبوبكر الصديق,تبنان,5.1,40,
AMR5\E/00001,أنصار الإسلام,طائف,5.1,27,13
AMR5\E/00003,جاغلي الإسلامية,جاغلي,5.1,30,
AMR5\E/00007,عائشة الإسلامية,جده,5.1,21,
AMR5\E/00006,فتح الإسلام,بركامبا,5.1,27,20
AMR5\E/00005,محوي الأمية,أنجوبين,5.1,15,7
AMR6\E/00074,اتحاد الإسلامى,فاس بجون,6.1,,15
AMR6\E/00049,الإتحادية لدراسات الإسلام,بنكو كيقورو,6.1,23,9
AMR6\E/00010,الإعتصام بحبل الله ,كومبجا,6.1,28,
AMR6\E/00035,الإمام أحمد,ألونغاري,6.1,9,
AMR6\E/00036,الأمل لدراسات الاسلامية,بغداذ,6.1,22,
AMR6\E/00038,التربية ,ألونغاري,6.1,17,19
AMR6\E/00007,الجماعة السلفية,دمباكندا,6.1,43,28
AMR6\E/00002,الحاج موسىي أنجاي,جلنغل,6.1,32,10
AMR6\E/00004,النهضة العرب,غامبسارا,6.1,42,17
AMR6\E/00039,النورية,بسندي,6.1,14,7
AMR6\E/00001,الهدي الإسلامي,نمييل,6.1,132,
AMR6\E/00050,الوطنية,سابي قسي,6.1,16,4
AMR6\E/00006,أبوبكر الصديق,غامبسارا,6.1,38,2
AMR6\E/00003,أنصار الإسلامي,سوتما سيري,6.1,23,21
AMR6\E/00041,آل موسىى,سار براسو,6.1,24,7
AMR6\E/00059,دار  الأرقم ,غامبسارا,6.1,14,12
AMR6\E/00008,دار الإسلام السلفية ,دمبا كندا,6.1,96,40
AMR6\E/00005,دار القران والحديث,غامبسارا,6.1,28,31
AMR6\E/00032,سبيل الهدى,غامبسارا,6.1,7,7
AMR6\E/00011,عباد الرحمن ,تياموي تمانا,6.1,15,11
AMR6\E/00077,محمد جن باه الإسلام,بسي حاي ليبل,6.1,14,
AMR6\E/00042,محوي الامية,بنيكو بنتا,6.1,19,12
AMR6\E/00012,مدرسة علوم الدين الإسلامية,دنفاكندا,6.1,107,
AMR6\E/00037,معهد الصحابة,ألونغار,6.1,38,21
AMR6\E/00076,معهد النور,كوبا كندا,6.1,11,
AMR6\E/00009,ميما رقم 1,ألونغاري,6.1,28,16
AMR6\E/00083,ميما رقم 2,فاس بجون,6.1,17,
AMR6\E/00092,إبن عباس الإسلامية,غامبسارا,6.1,13,
AMR6\E/00060,الإيمان الإسلامي,طوبى تفسير,6.2,11,
AMR6\E/00053,الأخوين,مدينة سماكو,6.2,14,
AMR6\E/00075,الأنصار  الإسلامية,براجي كندا,6.2,5,
AMR6\E/00062,التربية الإسلامية,سدول,6.2,29,14
AMR6\E/00064,التربية فوفنا كندا,غارول,6.2,17,
AMR6\E/00043,النهضة العلمية,كسي كندا,6.2,10,10
AMR6\E/00013,إبراهيم كندي,دنغيري,6.2,24,9
AMR6\E/00021,أبوبكر الصديق,غارول,6.2,21,8
AMR6\E/00015,أبوبكر الصديق ,سار ألفا,6.2,32,14
AMR6\E/00063,أم القرى,سامي كنتورا,6.2,23,
AMR6\E/00014,أنس بن مالك,كلاري,6.2,33,8
AMR6\E/00051,حيمد حواء قونتي,غارول,6.2,13,2
AMR6\E/00020,خالد بن الوليد,غارول,6.2,22,21
AMR6\E/00023,زيد بن ثابت,كوينا,6.2,98,57
AMR6\E/00061,علوم الدين,براي تندا,6.2,16,
AMR6\E/00034,عمار بن ياسر,ديابغو باسيلا,6.2,23,
AMR6\E/00019,محوالأمية,غارول,6.2,28,9
AMR6\E/00058,مدرسة أبوبكر الصديق,كوينا كنتورا,6.2,10,
AMR6\E/00017,معهد أبوبكر الصديق,مصرابامريام,6.2,27,
AMR6\E/00016,معهد علوم القرآن والحديث للقرى الثلاث المتحدة  ,لنمي غامبسار,6.2,93,
AMR6\E/00018,ناصر الدين,غاروال,6.2,10,8
AMR6\E/00055,سعد بن أبى وقاص,سنودن,6 .2,14,
AMR6\E/00022,نور الإسلام,كنبا كانتورا,6.2,22,18
AMR6\E/00067,ابوبكر الصديق,جكجارى,6.3,27,
AMR6\E/00068,اتفاق القري ثلاثة,مامد سيسي,6.3,12,
AMR6\E/00045,انس بن مالك,باجغاكندا ,6.3,36,
AMR6\E/00030,انصار الاسلامي,ديابغوبا تفا,6.3,12,
AMR6\E/00026,إتحاد الأمة  الإسلامية,دار السلام,6.3,50,36
AMR6\E/00024,إمام مالك,ناكوي طيبة,6.3,35,
AMR6\E/00048,أبوبكر الصديق ,بور كندا كسي,6.3,19,12
AMR6\E/00071,أبي بن كعب الاسلامية,ساغومدينة,6.3,8,12
AMR6\E/00033,جنمي كبير جاورا,ديابكو باتفا,6.3,41,9
AMR6\E/00028,جورا كندا,باجغا كندا,6.3,32,21
AMR6\E/00044,سبيل السعادة,دار السلام,6.3,21,11
AMR6\E/00046,شكر الله ,باجقا كندا ,6.3,17,14
AMR6\E/00070,عبدالله  بن  مسعود,تياموي بندا,6.3,15,
AMR6\E/00069,عبدالله بن عباس,جاكندا,6.3,24,
AMR6\E/00073,عثمان بن عفان ,فودى كندا,6.3,18,
AMR6\E/00025,علي ابن أبي طالب , ستكوند,6.3,65,21
AMR6\E/00072,علي بن ابي طالب ,ستكوبا,6.3,33,
AMR6\E/00029,عمار بن ياسر ,بجقكندا ,6.3,38,47
AMR6\E/00066,عمر بن الخطاب,كونكبا,6.3,24,
AMR6\E/00027,مدرسة الحاج محمد واغى  ,غنجور كوتا,6.3,23,11
AMR6\E/00047,معهد الاسلام ,  بريف,6.3,10,
AMR6\E/00054,معهد الاسلام ,بجنكوتو,6.3,17,
AMR6\E/00052,نور الاسلام,بانتوند,6.3,15,
AMR6\E/00040,عثمان بن عفان ,سبي,6.3,17,
